Comment ID,Comment_VS,Title_VS,Comment,Title,Publish Date,Permalink
ffdhuil,0.4215,0.0,"lol, i thought about this game when i heard of this virus spreading  in China.",Wait...,2020-01-22 12:54:10,/r/Coronavirus/comments/esi0yy/wait/
ffeewp2,-0.128,0.0,Oh good. Only 2 years of terror,Wait...,2020-01-22 12:54:10,/r/Coronavirus/comments/esi0yy/wait/
ffhnph3,-0.4019,0.0,Damn,Wait...,2020-01-22 12:54:10,/r/Coronavirus/comments/esi0yy/wait/
ffhs00s,0.0,0.0,I got 360!days but now I got to do trial 2,Wait...,2020-01-22 12:54:10,/r/Coronavirus/comments/esi0yy/wait/
ffi3nmj,0.25,0.0,I laughed but then soon realised.,Wait...,2020-01-22 12:54:10,/r/Coronavirus/comments/esi0yy/wait/
ffi8bgw,0.4404,0.0,Try it on medium or easy now,Wait...,2020-01-22 12:54:10,/r/Coronavirus/comments/esi0yy/wait/
ffkebk7,0.0,0.0,What's the name of this game?,Wait...,2020-01-22 12:54:10,/r/Coronavirus/comments/esi0yy/wait/
ffqgetb,0.2732,0.0,Well... We all know how it will end... [Prepares the nuclear bombs],Wait...,2020-01-22 12:54:10,/r/Coronavirus/comments/esi0yy/wait/
ffg1rxr,0.5927,0.0,but is this game any good?,Wait...,2020-01-22 12:54:10,/r/Coronavirus/comments/esi0yy/wait/
ffki06k,0.0,0.0,Plague inc.,Wait...,2020-01-22 12:54:10,/r/Coronavirus/comments/esi0yy/wait/
ffg1tgh,0.8271,0.0,Itâ€™s pretty fun yeah,Wait...,2020-01-22 12:54:10,/r/Coronavirus/comments/esi0yy/wait/
ffh4kf2,0.0258,0.0,I just started playing and im obsessed,Wait...,2020-01-22 12:54:10,/r/Coronavirus/comments/esi0yy/wait/
ffaq915,0.507,0.0,"If there is a group of people who I absolutely donâ€™t want handling this potentially decimating pandemic, itâ€™s the Chinese Communist Party.","At this point, I'm thinking.. what do they know?",2020-01-22 13:09:43,/r/Coronavirus/comments/esi9a0/at_this_point_im_thinking_what_do_they_know/
ffbdxx0,-0.4926,0.0,"Forever nailed to this history's pillar of shame?? Sorry but Who the f*ck cares.  This is only effective domestically and shows little to no responsibility to the rest of the world.Besides, I don't believe half of this crap since they are all corrupted, meaning people can buy themselves out of trouble.  And to OP's point, I don't know if they know anything since everything is a mystery and no body there knows the single source of truth.","At this point, I'm thinking.. what do they know?",2020-01-22 13:09:43,/r/Coronavirus/comments/esi9a0/at_this_point_im_thinking_what_do_they_know/
ffbv0do,0.8176,0.0,To be honest the best government to handle an outbreak would be one that controls the movements and lives of their citizens and Is not unwilling to take extreme steps very quickly. Just saying.,"At this point, I'm thinking.. what do they know?",2020-01-22 13:09:43,/r/Coronavirus/comments/esi9a0/at_this_point_im_thinking_what_do_they_know/
ffbxr36,0.0,0.0,Exactly.,"At this point, I'm thinking.. what do they know?",2020-01-22 13:09:43,/r/Coronavirus/comments/esi9a0/at_this_point_im_thinking_what_do_they_know/
ffdfyq8,0.0,0.0,New dam? Bye bye historical village of your ancestors.,"At this point, I'm thinking.. what do they know?",2020-01-22 13:09:43,/r/Coronavirus/comments/esi9a0/at_this_point_im_thinking_what_do_they_know/
ffbl9cx,0.4019,0.0,Smart man. Subbed to your channel.,I predicted what happened a week or so beforehand.... The China Coronavirus.,2020-01-22 16:45:06,/r/Coronavirus/comments/esl8yk/i_predicted_what_happened_a_week_or_so_beforehand/
ffgczdq,0.0,0.0,r/youshouldknow,I predicted what happened a week or so beforehand.... The China Coronavirus.,2020-01-22 16:45:06,/r/Coronavirus/comments/esl8yk/i_predicted_what_happened_a_week_or_so_beforehand/
ffby9c9,-0.5216,0.0,Can't be that smart if he doesn't like Arsenal,I predicted what happened a week or so beforehand.... The China Coronavirus.,2020-01-22 16:45:06,/r/Coronavirus/comments/esl8yk/i_predicted_what_happened_a_week_or_so_beforehand/
ffc440v,0.4215,0.0,"Quality, Nice result against chelsea with 10 men and all",I predicted what happened a week or so beforehand.... The China Coronavirus.,2020-01-22 16:45:06,/r/Coronavirus/comments/esl8yk/i_predicted_what_happened_a_week_or_so_beforehand/
ffd15cf,0.0,-0.7845,"It's been proven false for now, seems to be from snakes   [https://www.cnn.com/2020/01/22/health/snakes-wuhan-coronavirus-outbreak-conversation-partner/index.html](https://www.cnn.com/2020/01/22/health/snakes-wuhan-coronavirus-outbreak-conversation-partner/index.html)","how people in Wuhan eat roast bats, bat sushi, bats soup...ğŸ˜±, because of the Communists Chinese's naive and denial, causes epidemic pneumonia çœ‹æ­¦æ¼¢äººæ°‘é£Ÿè™è å£½å¸, å› ä¸­å…±ç„¡çŸ¥,é€ƒé¿ï¼Œè€Œå½¢æˆå…¨ä¸–ç•Œè‚ºç‚ç˜Ÿç–«ï¼ŒçœŸå¯æ¥å’Œç¦å®³å…¨çƒï¼Œé”æˆä¸€å¸¶ä¸€è·¯ï¼",2020-01-22 22:17:46,/r/Coronavirus/comments/esp4td/how_people_in_wuhan_eat_roast_bats_bat_sushi_bats/
ffbhw8r,0.0,-0.7845,What are they saying?,"how people in Wuhan eat roast bats, bat sushi, bats soup...ğŸ˜±, because of the Communists Chinese's naive and denial, causes epidemic pneumonia çœ‹æ­¦æ¼¢äººæ°‘é£Ÿè™è å£½å¸, å› ä¸­å…±ç„¡çŸ¥,é€ƒé¿ï¼Œè€Œå½¢æˆå…¨ä¸–ç•Œè‚ºç‚ç˜Ÿç–«ï¼ŒçœŸå¯æ¥å’Œç¦å®³å…¨çƒï¼Œé”æˆä¸€å¸¶ä¸€è·¯ï¼",2020-01-22 22:17:46,/r/Coronavirus/comments/esp4td/how_people_in_wuhan_eat_roast_bats_bat_sushi_bats/
ffc0skc,0.0,-0.7845,"Of course itâ€™s on tik tok, they deserve each other","how people in Wuhan eat roast bats, bat sushi, bats soup...ğŸ˜±, because of the Communists Chinese's naive and denial, causes epidemic pneumonia çœ‹æ­¦æ¼¢äººæ°‘é£Ÿè™è å£½å¸, å› ä¸­å…±ç„¡çŸ¥,é€ƒé¿ï¼Œè€Œå½¢æˆå…¨ä¸–ç•Œè‚ºç‚ç˜Ÿç–«ï¼ŒçœŸå¯æ¥å’Œç¦å®³å…¨çƒï¼Œé”æˆä¸€å¸¶ä¸€è·¯ï¼",2020-01-22 22:17:46,/r/Coronavirus/comments/esp4td/how_people_in_wuhan_eat_roast_bats_bat_sushi_bats/
ffeh3tv,0.0,-0.7845, I think thatâ€™s just part of their cuisine is all,"how people in Wuhan eat roast bats, bat sushi, bats soup...ğŸ˜±, because of the Communists Chinese's naive and denial, causes epidemic pneumonia çœ‹æ­¦æ¼¢äººæ°‘é£Ÿè™è å£½å¸, å› ä¸­å…±ç„¡çŸ¥,é€ƒé¿ï¼Œè€Œå½¢æˆå…¨ä¸–ç•Œè‚ºç‚ç˜Ÿç–«ï¼ŒçœŸå¯æ¥å’Œç¦å®³å…¨çƒï¼Œé”æˆä¸€å¸¶ä¸€è·¯ï¼",2020-01-22 22:17:46,/r/Coronavirus/comments/esp4td/how_people_in_wuhan_eat_roast_bats_bat_sushi_bats/
ffgepkb,-0.6369,-0.7845,*cue trailer for next Batman movieJoker eats bat soup.Batman is pissed,"how people in Wuhan eat roast bats, bat sushi, bats soup...ğŸ˜±, because of the Communists Chinese's naive and denial, causes epidemic pneumonia çœ‹æ­¦æ¼¢äººæ°‘é£Ÿè™è å£½å¸, å› ä¸­å…±ç„¡çŸ¥,é€ƒé¿ï¼Œè€Œå½¢æˆå…¨ä¸–ç•Œè‚ºç‚ç˜Ÿç–«ï¼ŒçœŸå¯æ¥å’Œç¦å®³å…¨çƒï¼Œé”æˆä¸€å¸¶ä¸€è·¯ï¼",2020-01-22 22:17:46,/r/Coronavirus/comments/esp4td/how_people_in_wuhan_eat_roast_bats_bat_sushi_bats/
ffkeckq,-0.5267,-0.7845,"Altho eating bats is disgusting, this video is proven from 2016, and it has nothing to do with Coronavirus. It actually happened in Palau, the bat soup is a traditional dish there, the girl was just trying the local dish during her trip.","how people in Wuhan eat roast bats, bat sushi, bats soup...ğŸ˜±, because of the Communists Chinese's naive and denial, causes epidemic pneumonia çœ‹æ­¦æ¼¢äººæ°‘é£Ÿè™è å£½å¸, å› ä¸­å…±ç„¡çŸ¥,é€ƒé¿ï¼Œè€Œå½¢æˆå…¨ä¸–ç•Œè‚ºç‚ç˜Ÿç–«ï¼ŒçœŸå¯æ¥å’Œç¦å®³å…¨çƒï¼Œé”æˆä¸€å¸¶ä¸€è·¯ï¼",2020-01-22 22:17:46,/r/Coronavirus/comments/esp4td/how_people_in_wuhan_eat_roast_bats_bat_sushi_bats/
ffey50f,-0.3291,-0.7845,"But still suspected it mutated from bats, as bats are a common food source snakes.","how people in Wuhan eat roast bats, bat sushi, bats soup...ğŸ˜±, because of the Communists Chinese's naive and denial, causes epidemic pneumonia çœ‹æ­¦æ¼¢äººæ°‘é£Ÿè™è å£½å¸, å› ä¸­å…±ç„¡çŸ¥,é€ƒé¿ï¼Œè€Œå½¢æˆå…¨ä¸–ç•Œè‚ºç‚ç˜Ÿç–«ï¼ŒçœŸå¯æ¥å’Œç¦å®³å…¨çƒï¼Œé”æˆä¸€å¸¶ä¸€è·¯ï¼",2020-01-22 22:17:46,/r/Coronavirus/comments/esp4td/how_people_in_wuhan_eat_roast_bats_bat_sushi_bats/
ffcecxx,0.0,-0.7845,Male 1: you should eat the meat.Female: that's just skin (as the girl on camera is biting the wing)Male 1: you should eat the meat on its backOn camera girl: am I only suppose to drink the soup? Guy on camera: only drink the soup. That's a rough translation of what's going on,"how people in Wuhan eat roast bats, bat sushi, bats soup...ğŸ˜±, because of the Communists Chinese's naive and denial, causes epidemic pneumonia çœ‹æ­¦æ¼¢äººæ°‘é£Ÿè™è å£½å¸, å› ä¸­å…±ç„¡çŸ¥,é€ƒé¿ï¼Œè€Œå½¢æˆå…¨ä¸–ç•Œè‚ºç‚ç˜Ÿç–«ï¼ŒçœŸå¯æ¥å’Œç¦å®³å…¨çƒï¼Œé”æˆä¸€å¸¶ä¸€è·¯ï¼",2020-01-22 22:17:46,/r/Coronavirus/comments/esp4td/how_people_in_wuhan_eat_roast_bats_bat_sushi_bats/
